Model,Set,Accuracy,Precision,Recall,F1 Score,ROC-AUC
Random Forest,Train,0.9993169398907104,0.9996961871487164,0.9989374620522161,0.9993166805861362,0.9999963853948982
Random Forest,Test,0.9653850035321425,0.8587650816181689,0.713022981732469,0.7791371538956857,0.966834580233048
Logistic Regression,Train,0.8898203344924657,0.8897934403157037,0.8898548324777833,0.8898241353378271,0.9647671231448004
Logistic Regression,Test,0.8895953173882329,0.42823735749780767,0.8632881555686506,0.5724892536146933,0.9609201869824392
SVM,Train,0.8907517800960424,0.88837228439763,0.8938152011922503,0.8910854312835328,0.9646408883576142
SVM,Test,0.8892925623170855,0.4278245715945396,0.868002357100766,0.5731517509727626,0.9608632138498563
XGBoost,Train,0.9821093448142628,0.9980612143070979,0.9660953800298062,0.9818181818181818,0.9985299639549238
XGBoost,Test,0.9695226561711575,0.9130763416477702,0.7118444313494402,0.8,0.9777174078642499
